Artykuł;Kategoria
Woda niegazowana;Napoje
Woda gazowana;Napoje
Woda smakowa;Napoje
Cola;Napoje
Lemoniada;Napoje
Oranżada;Napoje
Tonik;Napoje
Napój cytrynowy;Napoje
Napój pomarańczowy;Napoje
Napój energetyczny;Napoje
Napój izotoniczny;Napoje
Ice tea;Napoje
Sok pomarańczowy;Napoje
Sok jabłkowy;Napoje
Sok multiwitamina;Napoje
Sok grejpfrutowy;Napoje
Sok pomidorowy;Napoje
Sok z czarnej porzeczki;Napoje
Kompot;Napoje
Kawa mielona;Napoje
Kawa ziarnista;Napoje
Kawa rozpuszczalna;Napoje
Kawa bezkofeinowa;Napoje
Herbata czarna;Napoje
Herbata zielona;Napoje
Herbata owocowa;Napoje
Herbata ziołowa;Napoje
Kakao;Napoje
Syrop owocowy;Napoje
Mleko roślinne;Napoje
Czekolada mleczna;Słodycze
Czekolada gorzka;Słodycze
Czekolada biała;Słodycze
Baton czekoladowy;Słodycze
Wafel;Słodycze
Herbatniki;Słodycze
Ciastka;Słodycze
Pierniki;Słodycze
Biszkopty;Słodycze
Paluszki;Słodycze
Krakersy;Słodycze
Chipsy ziemniaczane;Słodycze
Chipsy kukurydziane;Słodycze
Popcorn;Słodycze
Żelki;Słodycze
Landrynki;Słodycze
Lizak;Słodycze
Cukierki;Słodycze
Praliny;Słodycze
Guma do żucia;Słodycze
Chałwa;Słodycze
Krem czekoladowy;Słodycze
Budyń;Słodycze
Kisiel;Słodycze
Galaretka;Słodycze
Marshmallow;Słodycze
Sezamki;Słodycze
Rogal słodki;Słodycze
Ciasto czekoladowe;Słodycze
Babka;Słodycze
Jabłko;Owoce
Banan;Owoce
Pomarańcza;Owoce
Mandarynka;Owoce
Cytryna;Owoce
Limonka;Owoce
Grejpfrut;Owoce
Gruszka;Owoce
Śliwka;Owoce
Brzoskwinia;Owoce
Morela;Owoce
Nektarynka;Owoce
Winogrona;Owoce
Truskawka;Owoce
Malina;Owoce
Borówka;Owoce
Jeżyna;Owoce
Porzeczka;Owoce
Wiśnia;Owoce
Czereśnia;Owoce
Kiwi;Owoce
Mango;Owoce
Ananas;Owoce
Arbuz;Owoce
Melon;Owoce
Granat;Owoce
Awokado;Owoce
Kokos;Owoce
Daktyle;Owoce
Figi;Owoce
Pomidor;Warzywa
Ogórek;Warzywa
Papryka;Warzywa
Cebula;Warzywa
Czosnek;Warzywa
Marchew;Warzywa
Pietruszka;Warzywa
Seler;Warzywa
Por;Warzywa
Sałata;Warzywa
Szpinak;Warzywa
Rukola;Warzywa
Kapusta;Warzywa
Kapusta pekińska;Warzywa
Kalafior;Warzywa
Brokuł;Warzywa
Cukinia;Warzywa
Bakłażan;Warzywa
Dynia;Warzywa
Ziemniaki;Warzywa
Bataty;Warzywa
Burak;Warzywa
Rzodkiewka;Warzywa
Szczypiorek;Warzywa
Koper;Warzywa
Natka pietruszki;Warzywa
Kukurydza;Warzywa
Groszek zielony;Warzywa
Fasolka szparagowa;Warzywa
Pieczarki;Warzywa
Papryczka chili;Warzywa
Imbir;Warzywa
Jarmuż;Warzywa
Bób;Warzywa
Rzepa;Warzywa
Piwo jasne;Alkohol
Piwo pszeniczne;Alkohol
Piwo ciemne;Alkohol
Piwo bezalkoholowe;Alkohol
Cydr;Alkohol
Wino czerwone;Alkohol
Wino białe;Alkohol
Wino różowe;Alkohol
Wino musujące;Alkohol
Prosecco;Alkohol
Szampan;Alkohol
Wódka;Alkohol
Whisky;Alkohol
Rum;Alkohol
Gin;Alkohol
Tequila;Alkohol
Likier;Alkohol
Nalewka;Alkohol
Brandy;Alkohol
Koniak;Alkohol
Mleko;Nabiał
Śmietana;Nabiał
Jogurt naturalny;Nabiał
Jogurt grecki;Nabiał
Jogurt owocowy;Nabiał
Kefir;Nabiał
Maślanka;Nabiał
Masło;Nabiał
Margaryna;Nabiał
Ser żółty;Nabiał
Ser biały;Nabiał
Twaróg;Nabiał
Serek wiejski;Nabiał
Serek śmietankowy;Nabiał
Mozzarella;Nabiał
Feta;Nabiał
Parmezan;Nabiał
Ser pleśniowy;Nabiał
Ser kozi;Nabiał
Jajka;Nabiał
Deser mleczny;Nabiał
Bita śmietana;Nabiał
Mleko skondensowane;Nabiał
Skyr;Nabiał
Śmietanka do kawy;Nabiał
Chleb pszenny;Piekarnia
Chleb żytni;Piekarnia
Chleb pełnoziarnisty;Piekarnia
Chleb tostowy;Piekarnia
Bułka kajzerka;Piekarnia
Bułka grahamka;Piekarnia
Bagietka;Piekarnia
Ciabatta;Piekarnia
Bułka hamburgerowa;Piekarnia
Bułka hot dog;Piekarnia
Tortilla;Piekarnia
Pita;Piekarnia
Croissant;Piekarnia
Rogal;Piekarnia
Drożdżówka;Piekarnia
Pączek;Piekarnia
Muffin;Piekarnia
Placek;Piekarnia
Ciasto;Piekarnia
Precel;Piekarnia
Sucharki;Piekarnia
Bułka tarta;Piekarnia
Podpłomyk;Piekarnia
Chleb bezglutenowy;Piekarnia
Paluch chlebowy;Piekarnia
Pierś z kurczaka;Mięso
Udko z kurczaka;Mięso
Skrzydełka z kurczaka;Mięso
Filet z indyka;Mięso
Podudzie z indyka;Mięso
Mięso mielone wołowe;Mięso
Mięso mielone wieprzowe;Mięso
Schab;Mięso
Karkówka;Mięso
Boczek;Mięso
Żeberka;Mięso
Szynka;Mięso
Kiełbasa;Mięso
Parówki;Mięso
Frankfurterki;Mięso
Salami;Mięso
Mortadela;Mięso
Pasztet;Mięso
Wołowina;Mięso
Cielęcina;Mięso
Jagnięcina;Mięso
Kaczka;Mięso
Gęś;Mięso
Łosoś;Mięso
Dorsz;Mięso
Tuńczyk;Mięso
Śledź;Mięso
Makrela;Mięso
Krewetki;Mięso
Paluszki rybne;Mięso
Pizza mrożona;Mrożonki
Frytki mrożone;Mrożonki
Warzywa mrożone;Mrożonki
Mieszanka warzywna mrożona;Mrożonki
Owoce mrożone;Mrożonki
Pierogi mrożone;Mrożonki
Uszka mrożone;Mrożonki
Ryba mrożona;Mrożonki
Nuggetsy mrożone;Mrożonki
Lody waniliowe;Mrożonki
Lody czekoladowe;Mrożonki
Lody truskawkowe;Mrożonki
Sorbet;Mrożonki
Kostki lodu;Mrożonki
Szpinak mrożony;Mrożonki
Fasolka mrożona;Mrożonki
Krewetki mrożone;Mrożonki
Ciasto francuskie mrożone;Mrożonki
Płyn do naczyń;Chemia domowa
Tabletki do zmywarki;Chemia domowa
Sól do zmywarki;Chemia domowa
Nabłyszczacz do zmywarki;Chemia domowa
Proszek do prania;Chemia domowa
Płyn do prania;Chemia domowa
Płyn do płukania;Chemia domowa
Odplamiacz;Chemia domowa
Mydło w kostce;Chemia domowa
Mydło w płynie;Chemia domowa
Szampon;Chemia domowa
Odżywka do włosów;Chemia domowa
Żel pod prysznic;Chemia domowa
Pasta do zębów;Chemia domowa
Szczoteczka do zębów;Chemia domowa
Papier toaletowy;Chemia domowa
Ręcznik papierowy;Chemia domowa
Chusteczki higieniczne;Chemia domowa
Chusteczki nawilżane;Chemia domowa
Worki na śmieci;Chemia domowa
Gąbka do naczyń;Chemia domowa
Ściereczka;Chemia domowa
Folia aluminiowa;Chemia domowa
Folia spożywcza;Chemia domowa
Papier do pieczenia;Chemia domowa
Rękawiczki jednorazowe;Chemia domowa
Środek do szyb;Chemia domowa
Środek do łazienki;Chemia domowa
Środek do kuchni;Chemia domowa
Płyn do podłóg;Chemia domowa
Odświeżacz powietrza;Chemia domowa
Dezodorant;Chemia domowa
Maszynka do golenia;Chemia domowa
Płatki kosmetyczne;Chemia domowa
Patyczki higieniczne;Chemia domowa
